[
    {
        "id": 1,
        "name": "Fried Chicken",
        "restaurant": "SpiceCraft",
        "price": "12.00",
        "category": "chicken",
        "image": "assets/fried-chicken.jpg",
        "discount": "35",
        "description": "Crispy fried chicken with special spices"
    },
    {
        "id": 2,
        "name": "Classic Burger",
        "restaurant": "BurgerHouse",
        "price": "8.50",
        "category": "burger",
        "image": "assets/burger.jpg",
        "discount": "",
        "description": "Juicy beef burger with fresh vegetables"
    },
    {
        "id": 3,
        "name": "Margherita Pizza",
        "restaurant": "PizzaPlace",
        "price": "15.00",
        "category": "pizza",
        "image": "assets/pizza.jpg",
        "discount": "20",
        "description": "Classic Italian pizza with fresh mozzarella"
    },
    {
        "id": 4,
        "name": "French Fries",
        "restaurant": "FryStation",
        "price": "4.50",
        "category": "fries",
        "image": "assets/fries.jpg",
        "discount": "",
        "description": "Crispy golden french fries"
    },
    {
        "id": 5,
        "name": "Grilled Chicken",
        "restaurant": "GrillMaster",
        "price": "14.00",
        "category": "chicken",
        "image": "assets/chicken.jpg",
        "discount": "",
        "description": "Perfectly grilled chicken breast"
    }
]
